SET search_path TO arena_esportes, public;

-- 1. INSERÇÃO NA TABELA JOGADOR_MENSALISTA (50 Registros)
INSERT INTO arena_esportes.jogador_mensalista (cpf, nome, sobrenome, data_nascimento) VALUES
('111.111.111-11', 'Lucas', 'Silva', '1990-05-12'),
('222.222.222-22', 'Mateus', 'Oliveira', '1995-08-22'),
('333.333.333-33', 'Gabriel', 'Santos', '1988-11-02'),
('444.444.444-44', 'Felipe', 'Costa', '2001-02-14'),
('555.555.555-55', 'Rodrigo', 'Rodrigues', '1993-07-19'),
('666.666.666-66', 'Guilherme', 'Almeida', '1997-12-30'),
('777.777.777-77', 'Gustavo', 'Pereira', '1985-03-25'),
('888.888.888-88', 'Rafael', 'Nascimento', '1992-09-05'),
('999.999.999-99', 'Bruno', 'Souza', '1994-01-15'),
('101.101.101-01', 'Thiago', 'Barbosa', '1999-06-08'),
('102.102.102-02', 'Vinicius', 'Gomes', '1996-04-20'),
('103.103.103-03', 'Leonardo', 'Martins', '1991-10-11'),
('104.104.104-04', 'Arthur', 'Lima', '2003-05-29'),
('105.105.105-05', 'Pedro', 'Rocha', '1989-08-17'),
('106.106.106-06', 'Eduardo', 'Ribeiro', '1998-02-27'),
('107.107.107-07', 'Daniel', 'Carvalho', '1992-11-23'),
('108.108.108-08', 'Andre', 'Teixeira', '1994-07-04'),
('109.109.109-09', 'Marcos', 'Mendes', '1987-12-12'),
('110.110.110-10', 'Alexandre', 'Freitas', '1995-03-18'),
('112.112.112-12', 'Vitor', 'Dias', '2000-09-09'),
('113.113.113-13', 'Diego', 'Castro', '1993-01-24'),
('114.114.114-14', 'Marcelo', 'Fernandes', '1986-06-15'),
('115.115.115-15', 'Igor', 'Moreira', '1997-04-02'),
('116.116.116-16', 'Renan', 'Moraes', '2002-10-21'),
('117.117.117-17', 'Murilo', 'Lopes', '1991-08-31'),
('118.118.118-18', 'Caio', 'Cardoso', '1999-12-05'),
('119.119.119-19', 'Samuel', 'Viana', '1996-02-11'),
('120.120.120-20', 'Douglas', 'Borges', '1988-07-26'),
('121.121.121-21', 'Danilo', 'Marques', '1994-05-14'),
('122.122.122-22', 'Heitor', 'Machado', '2001-03-03'),
('123.123.123-23', 'Isabella', 'Gomes', '1995-07-12'),
('124.124.124-24', 'Maria', 'Cintra', '1998-09-25'),
('125.125.125-25', 'Mateus', 'Cubeiro', '1996-01-30'),
('126.126.126-26', 'Ana', 'Paula', '1992-04-18'),
('127.127.127-27', 'Julia', 'Vieira', '1999-11-05'),
('128.128.128-28', 'Beatriz', 'Ramos', '1994-08-22'),
('129.129.129-29', 'Larissa', 'Azevedo', '1997-03-14'),
('130.130.130-30', 'Camila', 'Fonseca', '1990-12-01'),
('131.131.131-31', 'Amanda', 'Nunes', '2002-06-27'),
('132.132.132-32', 'Bruna', 'Campos', '1993-05-09'),
('133.133.133-33', 'Fernanda', 'Ferreira', '1989-10-22'),
('134.134.134-34', 'Leticia', 'Correia', '1996-07-17'),
('135.135.135-35', 'Aline', 'Santana', '2000-02-02'),
('136.136.136-36', 'Jessica', 'Dantas', '1995-09-14'),
('137.137.137-37', 'Mariana', 'Guimaraes', '1991-04-05'),
('138.138.138-38', 'Gabriela', 'Assis', '1998-11-19'),
('139.139.139-39', 'Vanessa', 'Leal', '1994-03-28'),
('140.140.140-40', 'Carolina', 'Neves', '1997-08-08'),
('141.141.141-41', 'Daniela', 'Cruz', '1992-01-31'),
('142.142.142-42', 'Patricio', 'Melo', '1986-06-24');

-- 2. INSERÇÃO NA TABELA QUADRA (50 Registros - Forçando nomes e tipos diferentes)
INSERT INTO arena_esportes.quadra (nome_quadra, tipo_areia) VALUES
('Quadra Central', 'Areia Branca Fina'), ('Quadra Secundaria', 'Areia Tratada'),
('Quadra de Beach Tennis 1', 'Areia Quartzosa'), ('Quadra de Beach Tennis 2', 'Areia Quartzosa'),
('Quadra de Futevolei 1', 'Areia Grossa'), ('Quadra de Futevolei 2', 'Areia Grossa'),
('Quadra de Volei de Praia', 'Areia Branca Fina'), ('Quadra Master', 'Areia Tratada Especial'),
('Arena Premium 1', 'Areia Fina Macia'), ('Arena Premium 2', 'Areia Fina Macia'),
('Quadra Coberta 1', 'Areia Quartzosa'), ('Quadra Coberta 2', 'Areia Quartzosa'),
('Quadra Descoberta 1', 'Areia Comun'), ('Quadra Descoberta 2', 'Areia Comun'),
('Quadra Infantil', 'Areia Fina Peneirada'), ('Quadra de Treino A', 'Areia Tratada'),
('Quadra de Treino B', 'Areia Tratada'), ('Quadra de Torneio A', 'Areia Quartzosa Premium'),
('Quadra de Torneio B', 'Areia Quartzosa Premium'), ('Quadra Litoral', 'Areia do Mar Lavada'),
('Quadra Sol', 'Areia Grossa'), ('Quadra Lua', 'Areia Branca Fina'),
('Quadra Estrela', 'Areia Quartzosa'), ('Quadra Netuno', 'Areia Tratada'),
('Quadra Marte', 'Areia Grossa Redonda'), ('Quadra Venus', 'Areia Fina'),
('Quadra Jupiter', 'Areia Especial Beach'), ('Quadra Saturno', 'Areia Peneirada'),
('Quadra Urano', 'Areia Grossa'), ('Quadra Plutao', 'Areia Quartzosa'),
('Quadra Alfa', 'Areia Branca Fina'), ('Quadra Beta', 'Areia Tratada'),
('Quadra Gama', 'Areia Quartzosa'), ('Quadra Delta', 'Areia Grossa'),
('Quadra Epsilon', 'Areia Fina'), ('Quadra Zeta', 'Areia Quartzosa'),
('Quadra Eta', 'Areia Tratada'), ('Quadra Theta', 'Areia Branca Fina'),
('Quadra Iota', 'Areia Fina'), ('Quadra Kapa', 'Areia Grossa'),
('Quadra Lambda', 'Areia Quartzosa'), ('Quadra Mu', 'Areia Tratada'),
('Quadra Nu', 'Areia Fina'), ('Quadra Xi', 'Areia Branca Fina'),
('Quadra Omicron', 'Areia Grossa'), ('Quadra Pi', 'Areia Quartzosa'),
('Quadra Ro', 'Areia Tratada'), ('Quadra Sigma', 'Areia Branca Fina'),
('Quadra Tau', 'Areia Fina'), ('Quadra Omega', 'Areia Quartzosa Premium');

-- 3. INSERÇÃO NA TABELA PROFESSOR (50 Registros)
INSERT INTO arena_esportes.professor (nome_professor) VALUES
('Ricardo Silva'), ('Carlos Oliveira'), ('Roberto Santos'), ('Fernando Costa'),
('Eduardo Rodrigues'), ('Fabio Almeida'), ('Marcelo Pereira'), ('Alexandre Nascimento'),
('Adriano Souza'), ('Julio Barbosa'), ('Rogerio Gomes'), ('Luciano Martins'),
('Ronaldo Lima'), ('Gustavo Rocha'), ('Mauricio Ribeiro'), ('Andre Carvalho'),
('Danilo Teixeira'), ('Marcos Mendes'), ('Antonio Freitas'), ('Vitor Dias'),
('Claudio Castro'), ('Luis Fernandes'), ('Flavio Moreira'), ('Sergio Moraes'),
('Paulo Lopes'), ('Caio Cardoso'), ('Samuel Viana'), ('Douglas Borges'),
('Diego Marques'), ('Heitor Machado'), ('Renato Ramos'), ('Marrcio Silva'),
('Cesar Azevedo'), ('Walter Fonseca'), ('Valter Nunes'), ('Nelson Campos'),
('Wilson Ferreira'), ('Sandro Correia'), ('Jorge Santana'), ('Arthur Dantas'),
('Murilo Guimaraes'), ('Otavio Assis'), ('Tadeu Leal'), ('Uelinton Neves'),
('Yago Cruz'), ('Igor Melo'), ('Willian Silva'), ('Thiago Oliveira'),
('Bruno Santos'), ('Felipe Costa');

-- 4. INSERÇÃO NA TABELA EQUIPAMENTO_ALUGUEL (50 Registros variando raquetes, bolas, coletes, etc.)
INSERT INTO arena_esportes.equipamento_aluguel (nome_equipamento, preco_diaria) VALUES
('Raquete Beach Tennis Carbono', 25.00), ('Raquete Beach Tennis Iniciante', 15.00),
('Raquete Beach Tennis Intermediaria', 20.00), ('Raquete Beach Tennis Profissional', 35.00),
('Bola de Volei de Praia Mikasa', 15.00), ('Bola de Futevolei Penalty', 12.00),
('Bola de Beach Tennis Stage 3 (Pack 3)', 10.00), ('Colete Vermelho M', 5.00),
('Colete Vermelho G', 5.00), ('Colete Azul M', 5.00),
('Colete Azul G', 5.00), ('Colete Verde M', 5.00),
('Colete Verde G', 5.00), ('Colete Amarelo M', 5.00),
('Colete Amarelo G', 5.00), ('Rede de Beach Tennis Oficial', 40.00),
('Rede de Futevolei Regulamentar', 35.00), ('Marcacao de Quadra Fita Azul', 15.00),
('Marcacao de Quadra Fita Vermelha', 15.00), ('Antena para Rede de Volei', 10.00),
('Bomba de Inflar Bolas', 5.00), ('Cronometro Digital Profissional', 8.00),
('Placar de Mesa Manual', 10.00), ('Gelo Termico para Lesoes', 7.00),
('Kit Primeiros Socorros (Aluguel Mala)', 20.00), ('Toalha de Rosto Personalizada', 6.00),
('Toalha de Banho', 10.00), ('Oculos de Sol Esportivo', 12.00),
('Bone de Treino Arena', 8.00), ('Viseira Esportiva', 7.00),
('Munhequeira de Algodao (Par)', 5.00), ('Grip para Raquete (Unidade)', 4.00),
('Overgrip Wilson (Unidade)', 6.00), ('Suporte de Raquete Parede', 15.00),
('Sacola Mochila para Raquetes', 12.00), ('Cesta para Bolas de Tennis', 15.00),
('Cone de Agilidade Pequeno (Kit 5)', 10.00), ('Cone de Agilidade Grande (Kit 5)', 15.00),
('Escada de Agilidade para Treino', 15.00), ('Fita Elastica de Resistencia', 12.00),
('Para-quedas de Corrida (Treino)', 25.00), ('Barreira de Salto Ajustavel', 18.00),
('Disco de Equilibrio', 14.00), ('Colchonete de Academia', 8.00),
('Corda de Pular de Alta Velocidade', 7.00), ('Cronometro de Pulso', 10.00),
('Garrafa Termica Arena 500ml', 8.00), ('Cooler Termico Grande', 30.00),
('Cadeira de Praia Reclinavel', 15.00), ('Guarda-Sol Gigante', 25.00);

SET search_path TO arena_esportes, public;

-- 5. INSERÇÃO NA TABELA JOGADOR_DIAS (50 Registros)
INSERT INTO arena_esportes.jogador_dias (cpf_jogador, dia_semana) VALUES
('111.111.111-11', 'Segunda-feira'), ('111.111.111-11', 'Quarta-feira'),
('222.222.222-22', 'Terça-feira'), ('222.222.222-22', 'Quinta-feira'),
('333.333.333-33', 'Sexta-feira'), ('444.444.444-44', 'Sábado'),
('555.555.555-55', 'Segunda-feira'), ('555.555.555-55', 'Sexta-feira'),
('666.666.666-66', 'Quarta-feira'), ('777.777.777-77', 'Sábado'),
('888.888.888-88', 'Domingo'), ('999.999.999-99', 'Terça-feira'),
('101.101.101-01', 'Quinta-feira'), ('102.102.102-02', 'Segunda-feira'),
('103.103.103-03', 'Quarta-feira'), ('104.104.104-04', 'Sexta-feira'),
('105.105.105-05', 'Sábado'), ('106.106.106-06', 'Terça-feira'),
('107.107.107-07', 'Quinta-feira'), ('108.108.108-08', 'Segunda-feira'),
('109.109.109-09', 'Quarta-feira'), ('110.110.110-10', 'Sexta-feira'),
('112.112.112-12', 'Sábado'), ('113.113.113-13', 'Terça-feira'),
('114.114.114-14', 'Quinta-feira'), ('115.115.115-15', 'Segunda-feira'),
('116.116.116-16', 'Quarta-feira'), ('117.117.117-17', 'Sexta-feira'),
('118.118.118-18', 'Sábado'), ('119.119.119-19', 'Domingo'),
('120.120.120-20', 'Terça-feira'), ('121.121.121-21', 'Quinta-feira'),
('122.122.122-22', 'Segunda-feira'), ('123.123.123-23', 'Quarta-feira'),
('124.124.124-24', 'Sexta-feira'), ('125.125.125-25', 'Sábado'),
('126.126.126-26', 'Terça-feira'), ('127.127.127-27', 'Quinta-feira'),
('128.128.128-28', 'Segunda-feira'), ('129.129.129-29', 'Quarta-feira'),
('130.130.130-30', 'Sexta-feira'), ('131.131.131-31', 'Sábado'),
('132.132.132-32', 'Domingo'), ('133.133.133-33', 'Terça-feira'),
('134.134.134-34', 'Quinta-feira'), ('135.135.135-35', 'Segunda-feira'),
('136.136.136-36', 'Quarta-feira'), ('137.137.137-37', 'Sexta-feira'),
('138.138.138-38', 'Sábado'), ('139.139.139-39', 'Terça-feira');

-- 6. INSERÇÃO NA TABELA PROFESSOR_CERTIFICACOES (50 Registros)
INSERT INTO arena_esportes.professor_certificacoes (id_professor, certificacao) VALUES
(1, 'CBT - Beach Tennis Nivel 1'), (1, 'FPT - Modulo A'),
(2, 'CBT - Beach Tennis Nivel 2'), (3, 'Futevolei Pro - Metodo CRF'),
(4, 'Volei de Praia Master - CBV'), (5, 'Preparacao Fisica Funcional'),
(6, 'CBT - Beach Tennis Nivel 1'), (7, 'Futevolei Basico'),
(8, 'Arbitragem de Beach Tennis'), (9, 'CBT - Beach Tennis Nivel 3'),
(10, 'Futevolei Pro - Metodo CRF'), (11, 'Volei de Praia - Nivel Avançado'),
(12, 'Preparacao Fisica Funcional'), (13, 'CBT - Beach Tennis Nivel 1'),
(14, 'Futevolei Basico'), (15, 'Arbitragem de Beach Tennis'),
(16, 'CBT - Beach Tennis Nivel 2'), (17, 'Futevolei Pro'),
(18, 'Volei de Praia Master - CBV'), (19, 'Preparacao Fisica Funcional'),
(20, 'CBT - Beach Tennis Nivel 1'), (21, 'Futevolei Basico'),
(22, 'Arbitragem de Beach Tennis'), (23, 'CBT - Beach Tennis Nivel 3'),
(24, 'Futevolei Pro'), (25, 'Volei de Praia - Nivel Avançado'),
(26, 'Preparacao Fisica Funcional'), (27, 'CBT - Beach Tennis Nivel 1'),
(28, 'Futevolei Basico'), (29, 'Arbitragem de Beach Tennis'),
(30, 'CBT - Beach Tennis Nivel 2'), (31, 'Futevolei Pro'),
(32, 'Volei de Praia Master - CBV'), (33, 'Preparacao Fisica Funcional'),
(34, 'CBT - Beach Tennis Nivel 1'), (35, 'Futevolei Basico'),
(36, 'Arbitragem de Beach Tennis'), (37, 'CBT - Beach Tennis Nivel 3'),
(38, 'Futevolei Pro'), (39, 'Volei de Praia - Nivel Avançado'),
(40, 'Preparacao Fisica Funcional'), (41, 'CBT - Beach Tennis Nivel 1'),
(42, 'Futevolei Basico'), (43, 'Arbitragem de Beach Tennis'),
(44, 'CBT - Beach Tennis Nivel 2'), (45, 'Futevolei Pro'),
(46, 'Volei de Praia Master - CBV'), (47, 'Preparacao Fisica Funcional'),
(48, 'CBT - Beach Tennis Nivel 1'), (49, 'Futevolei Basico');

-- 7. INSERÇÃO NA TABELA CAMERA_TRANSMISSAO (50 Registros - Um para cada uma das 50 quadras obedecendo a regra 1:1)
INSERT INTO arena_esportes.camera_transmissao (modelo, ip_rede, id_quadra) VALUES
('Intelbras Mibo iM3', '192.168.1.101', 1), ('Intelbras Mibo iM3', '192.168.1.102', 2),
('Hikvision Bullet 2MP', '192.168.1.103', 3), ('Hikvision Bullet 2MP', '192.168.1.104', 4),
('Giga Security Open', '192.168.1.105', 5), ('Giga Security Open', '192.168.1.106', 6),
('Intelbras VIP 1230', '192.168.1.107', 7), ('Intelbras VIP 1230', '192.168.1.108', 8),
('Hikvision DarkFighter', '192.168.1.109', 9), ('Hikvision DarkFighter', '192.168.1.110', 10),
('Intelbras Mibo iM3', '192.168.1.111', 11), ('Intelbras Mibo iM3', '192.168.1.112', 12),
('Hikvision Bullet 2MP', '192.168.1.113', 13), ('Hikvision Bullet 2MP', '192.168.1.114', 14),
('Giga Security Open', '192.168.1.115', 15), ('Giga Security Open', '192.168.1.116', 16),
('Intelbras VIP 1230', '192.168.1.117', 17), ('Intelbras VIP 1230', '192.168.1.118', 18),
('Hikvision DarkFighter', '192.168.1.119', 19), ('Hikvision DarkFighter', '192.168.1.120', 20),
('Intelbras Mibo iM3', '192.168.1.121', 21), ('Intelbras Mibo iM3', '192.168.1.122', 22),
('Hikvision Bullet 2MP', '192.168.1.123', 23), ('Hikvision Bullet 2MP', '192.168.1.124', 24),
('Giga Security Open', '192.168.1.125', 25), ('Giga Security Open', '192.168.1.126', 26),
('Intelbras VIP 1230', '192.168.1.127', 27), ('Intelbras VIP 1230', '192.168.1.128', 28),
('Hikvision DarkFighter', '192.168.1.129', 29), ('Hikvision DarkFighter', '192.168.1.130', 30),
('Intelbras Mibo iM3', '192.168.1.131', 31), ('Intelbras Mibo iM3', '192.168.1.132', 32),
('Hikvision Bullet 2MP', '192.168.1.133', 33), ('Hikvision Bullet 2MP', '192.168.1.134', 34),
('Giga Security Open', '192.168.1.135', 35), ('Giga Security Open', '192.168.1.136', 36),
('Intelbras VIP 1230', '192.168.1.137', 37), ('Intelbras VIP 1230', '192.168.1.138', 38),
('Hikvision DarkFighter', '192.168.1.139', 39), ('Hikvision DarkFighter', '192.168.1.140', 40),
('Intelbras Mibo iM3', '192.168.1.141', 41), ('Intelbras Mibo iM3', '192.168.1.142', 42),
('Hikvision Bullet 2MP', '192.168.1.143', 43), ('Hikvision Bullet 2MP', '192.168.1.144', 44),
('Giga Security Open', '192.168.1.145', 45), ('Giga Security Open', '192.168.1.146', 46),
('Intelbras VIP 1230', '192.168.1.147', 47), ('Intelbras VIP 1230', '192.168.1.148', 48),
('Hikvision DarkFighter', '192.168.1.149', 49), ('Hikvision DarkFighter', '192.168.1.150', 50);

SET search_path TO arena_esportes, public;

-- 8. INSERÇÃO NA TABELA RESERVA_HORARIO (50 Registros)
-- Cruza CPFs existentes, IDs de Quadras (1 a 50) e IDs de Professores (1 a 50)
INSERT INTO arena_esportes.reserva_horario (data_reserva, hora_inicio, hora_termino, cpf_jogador, id_quadra, id_professor) VALUES
('2026-06-01', '08:00:00', '09:00:00', '111.111.111-11', 1, 1),
('2026-06-01', '09:00:00', '10:00:00', '222.222.222-22', 2, 2),
('2026-06-01', '10:00:00', '11:00:00', '333.333.333-33', 3, NULL),
('2026-06-01', '14:00:00', '15:00:00', '444.444.444-44', 4, 3),
('2026-06-01', '18:00:00', '19:00:00', '555.555.555-55', 5, NULL),
('2026-06-02', '07:00:00', '08:00:00', '666.666.666-66', 6, 4),
('2026-06-02', '08:00:00', '09:00:00', '777.777.777-77', 7, 5),
('2026-06-02', '19:00:00', '20:00:00', '888.888.888-88', 8, NULL),
('2026-06-02', '20:00:00', '21:00:00', '999.999.999-99', 9, 6),
('2026-06-03', '08:00:00', '09:00:00', '101.101.101-01', 10, 7),
('2026-06-03', '15:00:00', '16:00:00', '102.102.102-02', 11, NULL),
('2026-06-03', '17:00:00', '18:00:00', '103.103.103-03', 12, 8),
('2026-06-04', '09:00:00', '10:00:00', '104.104.104-04', 13, 9),
('2026-06-04', '10:00:00', '11:00:00', '105.105.105-05', 14, NULL),
('2026-06-04', '21:00:00', '22:00:00', '106.106.106-06', 15, 10),
('2026-06-05', '08:00:00', '09:00:00', '107.107.107-07', 16, 11),
('2026-06-05', '16:00:00', '17:00:00', '108.108.108-08', 17, NULL),
('2026-06-05', '18:00:00', '19:00:00', '109.109.109-09', 18, 12),
('2026-06-06', '08:00:00', '10:00:00', '110.110.110-10', 19, 13),
('2026-06-06', '10:00:00', '11:00:00', '112.112.112-12', 20, NULL),
('2026-06-06', '14:00:00', '15:00:00', '113.113.113-13', 21, 14),
('2026-06-07', '09:00:00', '10:00:00', '114.114.114-14', 22, 15),
('2026-06-07', '11:00:00', '12:00:00', '115.115.115-15', 23, NULL),
('2026-06-07', '17:00:00', '18:00:00', '116.116.116-16', 24, 16),
('2026-06-08', '08:00:00', '09:00:00', '117.117.117-17', 25, 17),
('2026-06-08', '19:00:00', '20:00:00', '118.118.118-18', 26, NULL),
('2026-06-08', '20:00:00', '21:00:00', '119.119.119-19', 27, 18),
('2026-06-09', '07:00:00', '08:00:00', '120.120.120-20', 28, 19),
('2026-06-09', '15:00:00', '16:00:00', '121.121.121-21', 29, NULL),
('2026-06-09', '18:00:00', '19:00:00', '122.122.122-22', 30, 20),
('2026-06-10', '08:00:00', '09:00:00', '123.123.123-23', 31, 21),
('2026-06-10', '10:00:00', '11:00:00', '124.124.124-24', 32, NULL),
('2026-06-10', '16:00:00', '17:00:00', '125.125.125-25', 33, 22),
('2026-06-11', '09:00:00', '10:00:00', '126.126.126-26', 34, 23),
('2026-06-11', '14:00:00', '15:00:00', '127.127.127-27', 35, NULL),
('2026-06-11', '19:00:00', '20:00:00', '128.128.128-28', 36, 24),
('2026-06-12', '08:00:00', '09:00:00', '129.129.129-29', 37, 25),
('2026-06-12', '11:00:00', '12:00:00', '130.130.130-30', 38, NULL),
('2026-06-12', '18:00:00', '19:00:00', '131.131.131-31', 39, 26),
('2026-06-13', '08:00:00', '10:00:00', '132.132.132-32', 40, 27),
('2026-06-13', '10:00:00', '11:00:00', '133.133.133-33', 41, NULL),
('2026-06-13', '15:00:00', '16:00:00', '134.134.134-34', 42, 28),
('2026-06-14', '09:00:00', '10:00:00', '135.135.135-35', 43, 29),
('2026-06-14', '14:00:00', '15:00:00', '136.136.136-36', 44, NULL),
('2026-06-14', '17:00:00', '18:00:00', '137.137.137-37', 45, 30),
('2026-06-14', '19:00:00', '20:00:00', '138.138.138-38', 46, 31),
('2026-06-15', '08:00:00', '09:00:00', '139.139.139-39', 47, NULL),
('2026-06-15', '18:00:00', '19:00:00', '140.140.140-40', 48, 32),
('2026-06-15', '20:00:00', '21:00:00', '141.141.141-41', 49, 33),
('2026-06-15', '21:00:00', '22:00:00', '142.142.142-42', 50, 34);

-- 9. INSERÇÃO NA TABELA INTERMEDIÁRIA ITENS_RESERVA_EQUIPAMENTO (50 Registros)
-- Associa cada uma das 50 reservas acima a equipamentos alugados de ID 1 a 50
INSERT INTO arena_esportes.itens_reserva_equipamento (id_reserva, id_equipamento, quantidade) VALUES
(1, 1, 2), (2, 2, 1), (3, 5, 1), (4, 7, 2), (5, 8, 4),
(6, 3, 2), (7, 4, 1), (8, 6, 1), (9, 9, 4), (10, 10, 4),
(11, 11, 4), (12, 12, 4), (13, 13, 4), (14, 14, 4), (15, 15, 4),
(16, 16, 1), (17, 17, 1), (18, 18, 1), (19, 19, 1), (20, 20, 2),
(21, 21, 1), (22, 22, 1), (23, 23, 1), (24, 24, 2), (25, 25, 1),
(26, 26, 2), (27, 27, 2), (28, 28, 2), (29, 29, 2), (30, 30, 2),
(31, 31, 2), (32, 32, 2), (33, 33, 2), (34, 34, 1), (35, 35, 1),
(36, 36, 1), (37, 37, 5), (38, 38, 5), (39, 39, 1), (40, 40, 2),
(41, 41, 1), (42, 42, 2), (43, 43, 2), (44, 44, 2), (45, 45, 1),
(46, 46, 1), (47, 47, 2), (48, 48, 1), (49, 49, 4), (50, 50, 2);


